{"actions":[],"apps":[{"acl":{"app":[],"field":[],"record":[]},"app":null,"category":{"categories":[],"useCategory":"false"},"form":{"layout":"[{\"id\":null,\"type\":\"ROW\",\"isSubTable\":false,\"var\":null,\"label\":null,\"controlList\":[{\"isVirtical\":true,\"styleMap\":{\"width\":193},\"type\":\"DECIMAL\",\"var\":\"単価\",\"label\":\"単価\"},{\"isVirtical\":true,\"styleMap\":{\"width\":145},\"type\":\"DECIMAL\",\"var\":\"数量\",\"label\":\"数量\"},{\"isVirtical\":true,\"styleMap\":{\"width\":245},\"type\":\"DECIMAL\",\"var\":\"合計\",\"label\":\"合計\"}]}]","revision":null},"iconMeta":null,"info":{"automaticallyChooseTitleComponent":"true","code":null,"decimalPrecision":"16","decimalScale":"4","description":"","enableBulkDeletion":"false","enableRecordReuse":"true","fiscalYearStartMonth":"4","iconKey":"APP39","iconType":"PRESET","jsFiles":null,"jsScope":"ALL","name":"js-kintone-training","roundingMode":"HALF_EVEN","theme":"PLAIN","titleComponentLocalId":null,"useComment":"true","useHistory":"true","useInlineEditAndDelete":"true","useThumbnail":"true"},"jsFiles":[{"jsFileMetas":[{"internalName":null,"locationType":"BLOB","mime":"text/javascript","name":"debug_practice_buggy.js","url":null}],"jsType":"DESKTOP"}],"notification":{"appNotifications":[{"events":["RECORD_COMMENT_ADDED"],"target":{"entityId":"2147","entityType":"FIELD_ENTITY","includeSubs":"false"}},{"events":["RECORD_COMMENT_ADDED"],"target":{"entityId":"2148","entityType":"FIELD_ENTITY","includeSubs":"false"}}],"recordNotifications":[],"reminderTimezone":null,"reminders":[],"useComment":"true","useReminder":"false"},"plugins":[],"reports":[],"resource":{"tables":[{"rows":[{"fields":[],"objectId":"0","subObjectId":"-1"}],"type":"AppName"},{"rows":[{"fields":[],"objectId":"0","subObjectId":"-1"}],"type":"AppDescription"},{"rows":[{"fields":[],"objectId":"2146","subObjectId":"-1"},{"fields":[],"objectId":"2147","subObjectId":"-1"},{"fields":[],"objectId":"2148","subObjectId":"-1"},{"fields":[],"objectId":"2149","subObjectId":"-1"},{"fields":[],"objectId":"2150","subObjectId":"-1"},{"fields":[],"objectId":"2151","subObjectId":"-1"},{"fields":[],"objectId":"2152","subObjectId":"-1"},{"fields":[],"objectId":"2153","subObjectId":"-1"},{"fields":[],"objectId":"2154","subObjectId":"-1"},{"fields":[],"objectId":"2155","subObjectId":"-1"},{"fields":[],"objectId":"2156","subObjectId":"-1"}],"type":"FieldLabel"},{"rows":[{"fields":[],"objectId":"20","subObjectId":"-1"}],"type":"ViewName"},{"rows":[],"type":"CategoryName"}]},"schema":{"groups":[],"revision":null,"subTable":{},"table":{"fieldList":{"2146":{"id":"2146","label":"レコード番号","properties":{"noLabel":"false","required":"true"},"type":"RECORD_ID","var":"レコード番号"},"2147":{"id":"2147","label":"更新者","properties":{"noLabel":"false","required":"true"},"type":"MODIFIER","var":"更新者"},"2148":{"id":"2148","label":"作成者","properties":{"noLabel":"false","required":"true"},"type":"CREATOR","var":"作成者"},"2149":{"id":"2149","label":"更新日時","properties":{"noLabel":"false","required":"true"},"type":"MODIFIED_AT","var":"更新日時"},"2150":{"id":"2150","label":"作成日時","properties":{"noLabel":"false","required":"true"},"type":"CREATED_AT","var":"作成日時"},"2151":{"id":"2151","label":"ステータス","properties":{"noLabel":"false","required":"false"},"type":"STATUS","var":"ステータス"},"2152":{"id":"2152","label":"作業者","properties":{"noLabel":"false","required":"false"},"type":"STATUS_ASSIGNEE","var":"作業者"},"2153":{"id":"2153","label":"カテゴリー","properties":{"noLabel":"false","required":"false"},"type":"CATEGORY","var":"カテゴリー"},"2154":{"id":"2154","label":"単価","properties":{"defaultValue":null,"digit":"false","displayScale":null,"max":null,"min":null,"noLabel":"false","required":"false","roundingMode":null,"scale":null,"unique":"false","unit":"円","unitPosition":"AFTER"},"type":"DECIMAL","var":"単価"},"2155":{"id":"2155","label":"数量","properties":{"defaultValue":null,"digit":"false","displayScale":null,"max":null,"min":null,"noLabel":"false","required":"false","roundingMode":null,"scale":null,"unique":"false","unit":"個","unitPosition":"AFTER"},"type":"DECIMAL","var":"数量"},"2156":{"id":"2156","label":"合計","properties":{"defaultValue":null,"digit":"false","displayScale":null,"max":null,"min":null,"noLabel":"false","required":"false","roundingMode":null,"scale":null,"unique":"false","unit":"円","unitPosition":"AFTER"},"type":"DECIMAL","var":"合計"}},"id":"1","label":"__ROOT__","properties":null,"var":"__ROOT__"}},"settingsNotesForm":{"content":null,"willBeInherited":null},"status":{"actions":[],"filters":[],"initialStateId":null,"states":[],"useStatus":"false"},"uuid":"f0037329-d0d2-467d-b067-26c7d302ff5f","views":[{"advancedMode":null,"builtinType":"ALL","device":null,"fields":[{"row":[{"columnWidth":null,"id":"2146"},{"columnWidth":null,"id":"2154"},{"columnWidth":null,"id":"2155"},{"columnWidth":null,"id":"2156"}]}],"filter":{"category":null,"offset":null,"order":[],"q":null,"size":null,"sort":[]},"html":null,"keyFieldId":null,"name":"（すべて）","pager":null,"revision":null,"titleFieldId":null,"view":"20","viewType":"LIST"}]}],"description":"https://github.com/ogrtk/js-kintone-training","iconKey":"APP39","iconMeta":null,"iconSrcAppId":"f0037329-d0d2-467d-b067-26c7d302ff5f","iconType":"PRESET","imagesMeta":[],"lookups":[],"name":"js-kintone-training","references":[],"version":"44"}